id,title,summary,body,image,media,category,published_at,status
news-jurong-arrival-2026,Jurong Shipyard staff welcomed at Changi Airport,Global HR greeted one of our largest group arrivals from India for Jurong Shipyard at Singapore Changi Airport.,"Global HR staff welcomed Jurong Shipyard recruits at Changi Airport as part of one of our largest group recruitment projects from India.

Candidates received arrival briefings, travel support, and a warm welcome before reporting to their employer partners in Singapore.",assets/images/photos/services/arrival/arrival-04-changi-red-team.jpg,"assets/images/photos/services/arrival/arrival-04-changi-red-team.jpg|assets/images/photos/services/arrival/arrival-01-changi-welcome.jpg|assets/images/photos/services/arrival/arrival-02-airport-group.jpg",Arrival,2026-06-06,active
news-cvt-cert-2026,CVT electrical course graduation ceremony,Graduates completed the electrical installation course and received certificates at our training centre.,"Congratulations to the latest cohort who completed the CVT electrical installation course.

The certification ceremony recognised their practical skills and readiness for overseas employment in technical roles.",assets/images/training/cvt-cert-01.jpg,"assets/images/training/cvt-cert-01.jpg|assets/images/training/cvt-cert-02.jpg|assets/images/training/cvt-cert-03.jpg",Certification,2026-06-02,active
news-forklift-sankyu-2026,Forklift drivers briefing by Sankyu Singapore,Selected forklift driver candidates attended a pre-departure briefing with Sankyu Singapore.,"Global HR organised a briefing session for selected forklift driver candidates ahead of deployment with Sankyu Singapore.

The session covered workplace expectations, safety standards, and onboarding steps for successful placement.",assets/images/training/forklift-drivers-sankyu.JPG,,Training,2026-05-28,active
news-rotary-weld-2026,Rotary Engineering weld test at Myanmar training centre,Candidates completed practical weld testing at our Myanmar training centre for Rotary Engineering placements.,"Rotary Engineering candidates underwent onsite weld testing at our Myanmar training centre.

The assessment ensures technical competency before interview and deployment with employer partners.",assets/images/training/rotary-weld-check-01.jpg,"assets/images/training/rotary-weld-check-01.jpg|assets/images/training/rotary-weld-check-02.jpg|assets/images/training/rotary-weld-result.jpg",Training,2026-06-05,active
news-keppel-briefing-2026,Briefing for Keppel Nakilat interview,Pre-interview briefing prepared marine candidates for the Keppel Nakilat selection process.,"Global HR conducted a structured briefing for candidates shortlisted for Keppel Nakilat interviews.

The session covered interview format, technical expectations, and professional conduct for marine sector roles.",assets/images/training/keppel-nakilat-briefing.png,,Partnership,2026-05-18,active
